종목코드,종목명,매매신호,추천금액(만원),1. F점수조건(>=65),2. T점수조건(>=60),3. 계좌비중조건(<=20%),4. 재무완성도조건(>=90%),5. 악재공시뉴스조건,6. 3일수급쌍쓸이조건,최종 추매승인 여부,기본 F점수,성장성(25),현금흐름(20),모멘텀(20),재무안정(20),밸류경영(15),기술 T점수,종합점수,현재가(원),당일등락률(%),14일 ATR(원),손절 감시가격(원),손절 가격감시,손절 주문전송,익절 감시가격(원),익절 가격감시,익절 주문전송,데이터완성도(%),분석근거
011700,한신기계,관망,0,FAIL,FAIL,PASS (미보유 0%),PASS,UNCONFIRMED(FAIL),FAIL,금지(조건미충족),39.0,5.0,4.0,4.0,20.0,6.0,55.0,48.6,2585,0.39,1216.6,151,ON (상시감시),OFF (알림전용),5630,ON (상시감시),OFF (알림전용),100.0,일목 2등급(16점: 구름대 상단 상회 또는 전환>기준) / VWAP 4등급(6점: 단기 VWAP 하회) / 볼린저 4등급(6점: 하단밴드~중심선 위치) / DMI 3등급(9점: 팽팽한 혼조세) / OBV 1등급(10점: OBV 20일 이평 상회 & 우상향) / 채킨 5등급(2점: 매도 유출 심화) / 수급 4등급(6점: 수급 약세 지속)
013030,하이록코리아,관망,0,PASS,PASS,PASS (보유 1.0%),PASS,UNCONFIRMED(FAIL),FAIL,금지(조건미충족),91.0,20.0,16.0,20.0,20.0,15.0,61.0,73.0,33700,-2.74,3148.7,27400,ON (상시감시),OFF (알림전용),41600,ON (상시감시),OFF (알림전용),100.0,일목 2등급(16점: 구름대 상단 상회 또는 전환>기준) / VWAP 4등급(6점: 단기 VWAP 하회) / 볼린저 4등급(6점: 하단밴드~중심선 위치) / DMI 3등급(9점: 팽팽한 혼조세) / OBV 2등급(8점: OBV 20일 이평 상회) / 채킨 1등급(10점: 매수 유입 급증) / 수급 4등급(6점: 수급 약세 지속)
034020,두산에너빌리티,관망,0,PASS,PASS,PASS (보유 0.7%),PASS,UNCONFIRMED(FAIL),FAIL,금지(조건미충족),73.0,10.0,20.0,16.0,12.0,15.0,85.0,80.2,80300,3.08,4617.3,71000,ON (상시감시),OFF (알림전용),91900,ON (상시감시),OFF (알림전용),100.0,일목 1등급(20점: 구름대 상단 돌파 & 전환>기준) / VWAP 1등급(15점: 단기/중기 VWAP 우상향 정배열) / 볼린저 2등급(12점: 중심선~상단밴드 위치) / DMI 2등급(12점: DI+ 우위 상승진입) / OBV 1등급(10점: OBV 20일 이평 상회 & 우상향) / 채킨 1등급(10점: 매수 유입 급증) / 수급 4등급(6점: 수급 약세 지속)
047050,포스코인터내셔널,관망,0,PASS,PASS,PASS (보유 3.0%),PASS,UNCONFIRMED(FAIL),FAIL,금지(조건미충족),78.0,15.0,20.0,16.0,12.0,15.0,64.0,69.6,55800,-0.53,4099.3,47600,ON (상시감시),OFF (알림전용),66100,ON (상시감시),OFF (알림전용),100.0,일목 2등급(16점: 구름대 상단 상회 또는 전환>기준) / VWAP 3등급(9점: VWAP 평형 유지) / 볼린저 3등급(9점: 중심선 수렴) / DMI 4등급(6점: DI- 우위 하락세) / OBV 2등급(8점: OBV 20일 이평 상회) / 채킨 1등급(10점: 매수 유입 급증) / 수급 4등급(6점: 수급 약세 지속)
047770,코데즈컴바인,관망,0,PASS,FAIL,PASS (보유 0.9%),PASS,UNCONFIRMED(FAIL),FAIL,금지(조건미충족),91.0,20.0,20.0,16.0,20.0,15.0,39.0,59.8,2720,0.55,659.7,1400,ON (상시감시),OFF (알림전용),4370,ON (상시감시),OFF (알림전용),100.0,일목 5등급(4점: 구름대 하단 이탈 & 역배열 심화) / VWAP 3등급(9점: VWAP 평형 유지) / 볼린저 4등급(6점: 하단밴드~중심선 위치) / DMI 4등급(6점: DI- 우위 하락세) / OBV 3등급(6점: OBV 이평 수렴) / 채킨 5등급(2점: 매도 유출 심화) / 수급 4등급(6점: 수급 약세 지속)
055490,테이팩스,관망,0,PASS,FAIL,FAIL (비중과다 20.6%),PASS,UNCONFIRMED(FAIL),FAIL,금지(조건미충족),91.0,20.0,20.0,16.0,20.0,15.0,52.0,67.6,14170,0.85,3428.1,7310,ON (상시감시),OFF (알림전용),22750,ON (상시감시),OFF (알림전용),100.0,일목 2등급(16점: 구름대 상단 상회 또는 전환>기준) / VWAP 4등급(6점: 단기 VWAP 하회) / 볼린저 4등급(6점: 하단밴드~중심선 위치) / DMI 4등급(6점: DI- 우위 하락세) / OBV 1등급(10점: OBV 20일 이평 상회 & 우상향) / 채킨 5등급(2점: 매도 유출 심화) / 수급 4등급(6점: 수급 약세 지속)
140670,알에스오토메이션,관망,0,FAIL,FAIL,PASS (보유 1.9%),PASS,UNCONFIRMED(FAIL),FAIL,금지(조건미충족),47.0,5.0,16.0,4.0,16.0,6.0,58.0,53.6,10760,-0.19,3053.7,4650,ON (상시감시),OFF (알림전용),18400,ON (상시감시),OFF (알림전용),100.0,일목 2등급(16점: 구름대 상단 상회 또는 전환>기준) / VWAP 4등급(6점: 단기 VWAP 하회) / 볼린저 4등급(6점: 하단밴드~중심선 위치) / DMI 4등급(6점: DI- 우위 하락세) / OBV 2등급(8점: OBV 20일 이평 상회) / 채킨 1등급(10점: 매수 유입 급증) / 수급 4등급(6점: 수급 약세 지속)
088500,PLUS 고배당주,관망,0,ETF 제외(PASS),FAIL,PASS (미보유 0%),ETF 제외(PASS),UNCONFIRMED(FAIL),FAIL,금지(조건미충족),ETF 제외,-,-,-,-,-,30.0,30.0,25100,-1.18,333.4,24400,ON (상시감시),OFF (알림전용),25950,ON (상시감시),OFF (알림전용),100.0,일목 4등급(8점: 구름대 하단 이탈) / VWAP 5등급(3점: VWAP 하회 역배열) / 볼린저 5등급(3점: 하단밴드 이탈) / DMI 4등급(6점: DI- 우위 하락세) / OBV 5등급(2점: OBV 이평 하회 & 연속 유출) / 채킨 5등급(2점: 매도 유출 심화) / 수급 4등급(6점: 수급 약세 지속)
206650,유바이오로직스,관망,0,PASS,FAIL,PASS (보유 0.9%),PASS,UNCONFIRMED(FAIL),FAIL,금지(조건미충족),100.0,25.0,20.0,20.0,20.0,15.0,53.0,71.8,8960,-1.75,2023.6,4910,ON (상시감시),OFF (알림전용),14020,ON (상시감시),OFF (알림전용),100.0,일목 2등급(16점: 구름대 상단 상회 또는 전환>기준) / VWAP 4등급(6점: 단기 VWAP 하회) / 볼린저 4등급(6점: 하단밴드~중심선 위치) / DMI 3등급(9점: 팽팽한 혼조세) / OBV 2등급(8점: OBV 20일 이평 상회) / 채킨 5등급(2점: 매도 유출 심화) / 수급 4등급(6점: 수급 약세 지속)
219550,자이글,관망,0,FAIL,FAIL,PASS (미보유 0%),PASS,UNCONFIRMED(FAIL),FAIL,금지(조건미충족),31.0,5.0,4.0,8.0,8.0,6.0,55.0,45.4,5310,0.0,72.5,5160,ON (상시감시),OFF (알림전용),5500,ON (상시감시),OFF (알림전용),100.0,일목 4등급(8점: 구름대 하단 이탈) / VWAP 3등급(9점: VWAP 평형 유지) / 볼린저 1등급(15점: 상단밴드 돌파/강한 상승파동) / DMI 3등급(9점: 팽팽한 혼조세) / OBV 3등급(6점: OBV 이평 수렴) / 채킨 5등급(2점: 매도 유출 심화) / 수급 4등급(6점: 수급 약세 지속)
241520,DSC인베스트먼트,관망,0,PASS,FAIL,PASS (보유 0.3%),PASS,UNCONFIRMED(FAIL),FAIL,금지(조건미충족),84.0,25.0,4.0,20.0,20.0,15.0,47.0,61.8,8280,-0.84,3470.2,1339,ON (상시감시),OFF (알림전용),16960,ON (상시감시),OFF (알림전용),100.0,일목 2등급(16점: 구름대 상단 상회 또는 전환>기준) / VWAP 4등급(6점: 단기 VWAP 하회) / 볼린저 4등급(6점: 하단밴드~중심선 위치) / DMI 3등급(9점: 팽팽한 혼조세) / OBV 5등급(2점: OBV 이평 하회 & 연속 유출) / 채킨 5등급(2점: 매도 유출 심화) / 수급 4등급(6점: 수급 약세 지속)
267260,HD현대일렉트릭,관망,0,PASS,PASS,PASS (보유 1.1%),PASS,UNCONFIRMED(FAIL),FAIL,금지(조건미충족),92.0,25.0,20.0,20.0,12.0,15.0,67.0,77.0,782000,5.82,55474.8,671000,ON (상시감시),OFF (알림전용),921000,ON (상시감시),OFF (알림전용),100.0,일목 2등급(16점: 구름대 상단 상회 또는 전환>기준) / VWAP 1등급(15점: 단기/중기 VWAP 우상향 정배열) / 볼린저 2등급(12점: 중심선~상단밴드 위치) / DMI 4등급(6점: DI- 우위 하락세) / OBV 1등급(10점: OBV 20일 이평 상회 & 우상향) / 채킨 5등급(2점: 매도 유출 심화) / 수급 4등급(6점: 수급 약세 지속)
348340,뉴로메카,관망,0,ETF 제외(PASS),FAIL,PASS (보유 0.9%),ETF 제외(PASS),UNCONFIRMED(FAIL),FAIL,금지(조건미충족),ETF 제외,-,-,-,-,-,44.0,44.0,20600,-0.48,19159.0,0,ON (상시감시),OFF (알림전용),68500,ON (상시감시),OFF (알림전용),100.0,일목 2등급(16점: 구름대 상단 상회 또는 전환>기준) / VWAP 5등급(3점: VWAP 하회 역배열) / 볼린저 4등급(6점: 하단밴드~중심선 위치) / DMI 3등급(9점: 팽팽한 혼조세) / OBV 5등급(2점: OBV 이평 하회 & 연속 유출) / 채킨 5등급(2점: 매도 유출 심화) / 수급 4등급(6점: 수급 약세 지속)
371460,TIGER 차이나전기차SOLACTIVE,관망,0,ETF 제외(PASS),FAIL,PASS (보유 0.5%),ETF 제외(PASS),UNCONFIRMED(FAIL),FAIL,금지(조건미충족),ETF 제외,-,-,-,-,-,58.0,58.0,10970,-0.32,833.4,9300,ON (상시감시),OFF (알림전용),13060,ON (상시감시),OFF (알림전용),100.0,일목 2등급(16점: 구름대 상단 상회 또는 전환>기준) / VWAP 5등급(3점: VWAP 하회 역배열) / 볼린저 4등급(6점: 하단밴드~중심선 위치) / DMI 3등급(9점: 팽팽한 혼조세) / OBV 2등급(8점: OBV 20일 이평 상회) / 채킨 1등급(10점: 매수 유입 급증) / 수급 4등급(6점: 수급 약세 지속)
484730,RISE 미국AI밸류체인TOP3Plus,관망,0,ETF 제외(PASS),FAIL,PASS (미보유 0%),ETF 제외(PASS),UNCONFIRMED(FAIL),FAIL,금지(조건미충족),ETF 제외,-,-,-,-,-,45.0,45.0,14650,-0.68,192.0,14260,ON (상시감시),OFF (알림전용),15130,ON (상시감시),OFF (알림전용),100.0,일목 4등급(8점: 구름대 하단 이탈) / VWAP 3등급(9점: VWAP 평형 유지) / 볼린저 3등급(9점: 중심선 수렴) / DMI 3등급(9점: 팽팽한 혼조세) / OBV 5등급(2점: OBV 이평 하회 & 연속 유출) / 채킨 5등급(2점: 매도 유출 심화) / 수급 4등급(6점: 수급 약세 지속)
000490,대동,관망,0,FAIL,FAIL,PASS (보유 0.3%),PASS,UNCONFIRMED(FAIL),FAIL,금지(조건미충족),56.0,20.0,4.0,16.0,4.0,12.0,51.0,53.0,7750,-0.64,987.7,5770,ON (상시감시),OFF (알림전용),10220,ON (상시감시),OFF (알림전용),100.0,일목 1등급(20점: 구름대 상단 돌파 & 전환>기준) / VWAP 5등급(3점: VWAP 하회 역배열) / 볼린저 2등급(12점: 중심선~상단밴드 위치) / DMI 4등급(6점: DI- 우위 하락세) / OBV 5등급(2점: OBV 이평 하회 & 연속 유출) / 채킨 5등급(2점: 매도 유출 심화) / 수급 4등급(6점: 수급 약세 지속)
004960,한신공영,관망,0,PASS,PASS,PASS (보유 3.6%),PASS,UNCONFIRMED(FAIL),FAIL,금지(조건미충족),71.0,20.0,16.0,12.0,8.0,15.0,68.0,69.2,11060,0.27,673.8,9710,ON (상시감시),OFF (알림전용),12750,ON (상시감시),OFF (알림전용),100.0,일목 1등급(20점: 구름대 상단 돌파 & 전환>기준) / VWAP 1등급(15점: 단기/중기 VWAP 우상향 정배열) / 볼린저 1등급(15점: 상단밴드 돌파/강한 상승파동) / DMI 4등급(6점: DI- 우위 하락세) / OBV 4등급(4점: OBV 이평 하회) / 채킨 5등급(2점: 매도 유출 심화) / 수급 4등급(6점: 수급 약세 지속)
161510,PLUS 고배당주,관망,0,ETF 제외(PASS),PASS,PASS (보유 2.1%),ETF 제외(PASS),UNCONFIRMED(FAIL),FAIL,금지(조건미충족),ETF 제외,-,-,-,-,-,67.0,67.0,24945,-0.3,773.3,23350,ON (상시감시),OFF (알림전용),26900,ON (상시감시),OFF (알림전용),100.0,일목 2등급(16점: 구름대 상단 상회 또는 전환>기준) / VWAP 2등급(12점: 단기 VWAP 상회) / 볼린저 2등급(12점: 중심선~상단밴드 위치) / DMI 5등급(3점: DI- 우위 및 강한 하락추세) / OBV 2등급(8점: OBV 20일 이평 상회) / 채킨 1등급(10점: 매수 유입 급증) / 수급 4등급(6점: 수급 약세 지속)
234920,자이글,관망,0,FAIL,PASS,PASS (보유 16.8%),PASS,UNCONFIRMED(FAIL),FAIL,금지(조건미충족),27.0,5.0,4.0,4.0,8.0,6.0,73.0,54.6,5310,0.0,5247.8,0,ON (상시감시),OFF (알림전용),18430,ON (상시감시),OFF (알림전용),100.0,일목 2등급(16점: 구름대 상단 상회 또는 전환>기준) / VWAP 1등급(15점: 단기/중기 VWAP 우상향 정배열) / 볼린저 1등급(15점: 상단밴드 돌파/강한 상승파동) / DMI 3등급(9점: 팽팽한 혼조세) / OBV 3등급(6점: OBV 이평 수렴) / 채킨 3등급(6점: 평형 유입) / 수급 4등급(6점: 수급 약세 지속)
490590,RISE 미국AI밸류체인데일리고정커버드콜,관망,0,ETF 제외(PASS),PASS,FAIL (비중과다 45.4%),ETF 제외(PASS),UNCONFIRMED(FAIL),FAIL,금지(조건미충족),ETF 제외,-,-,-,-,-,69.0,69.0,14660,0.0,447.9,13760,ON (상시감시),OFF (알림전용),15780,ON (상시감시),OFF (알림전용),100.0,일목 2등급(16점: 구름대 상단 상회 또는 전환>기준) / VWAP 2등급(12점: 단기 VWAP 상회) / 볼린저 2등급(12점: 중심선~상단밴드 위치) / DMI 3등급(9점: 팽팽한 혼조세) / OBV 4등급(4점: OBV 이평 하회) / 채킨 1등급(10점: 매수 유입 급증) / 수급 4등급(6점: 수급 약세 지속)
207940,삼성바이오로직스,관망,0,PASS,PASS,PASS (미보유 0%),PASS,UNCONFIRMED(FAIL),FAIL,금지(조건미충족),100.0,25.0,20.0,20.0,20.0,15.0,86.0,91.6,1549000,-3.73,71095.6,1406000,ON (상시감시),OFF (알림전용),1727000,ON (상시감시),OFF (알림전용),100.0,일목 1등급(20점: 구름대 상단 돌파 & 전환>기준) / VWAP 1등급(15점: 단기/중기 VWAP 우상향 정배열) / 볼린저 2등급(12점: 중심선~상단밴드 위치) / DMI 1등급(15점: DI+ 우위 및 ADX 추세강화) / OBV 2등급(8점: OBV 20일 이평 상회) / 채킨 1등급(10점: 매수 유입 급증) / 수급 4등급(6점: 수급 약세 지속)
214450,파마리서치,관망,0,PASS,PASS,PASS (미보유 0%),PASS,UNCONFIRMED(FAIL),FAIL,금지(조건미충족),100.0,25.0,20.0,20.0,20.0,15.0,86.0,91.6,408000,-2.16,31868.2,344000,ON (상시감시),OFF (알림전용),488000,ON (상시감시),OFF (알림전용),100.0,일목 1등급(20점: 구름대 상단 돌파 & 전환>기준) / VWAP 1등급(15점: 단기/중기 VWAP 우상향 정배열) / 볼린저 2등급(12점: 중심선~상단밴드 위치) / DMI 1등급(15점: DI+ 우위 및 ADX 추세강화) / OBV 2등급(8점: OBV 20일 이평 상회) / 채킨 1등급(10점: 매수 유입 급증) / 수급 4등급(6점: 수급 약세 지속)
010140,삼성중공업,관망,0,PASS,PASS,PASS (미보유 0%),PASS,UNCONFIRMED(FAIL),FAIL,금지(조건미충족),75.0,20.0,20.0,16.0,4.0,15.0,67.0,70.2,21750,-0.23,1287.6,19170,ON (상시감시),OFF (알림전용),25000,ON (상시감시),OFF (알림전용),100.0,일목 2등급(16점: 구름대 상단 상회 또는 전환>기준) / VWAP 1등급(15점: 단기/중기 VWAP 우상향 정배열) / 볼린저 2등급(12점: 중심선~상단밴드 위치) / DMI 4등급(6점: DI- 우위 하락세) / OBV 5등급(2점: OBV 이평 하회 & 연속 유출) / 채킨 1등급(10점: 매수 유입 급증) / 수급 4등급(6점: 수급 약세 지속)
